time,stage,desc,source,frames,people,fps,total_ms,디코딩,얼굴탐지,추적+자세,낙상판정,비식별화,그리기,인코딩,etc,face_det,face_hold,face_head
2026-09-30 17:19:29,final,최종(pixelate+얼굴보완),1명_1920_1080.mp4,388,1.00,12.07,82.88,5.37,28.19,31.18,1.50,1.49,0.52,5.16,9.47,1.00,0.00,0.00
2026-09-30 17:20:33,final,최종(pixelate+얼굴보완),2명_1920_1080.mp4,440,2.00,11.93,83.81,5.25,28.08,31.10,2.73,1.85,0.58,4.88,9.34,1.98,0.00,0.00
2026-09-30 17:21:50,final,최종(pixelate+얼굴보완),4명_1920_1080.mp4,545,4.00,11.00,90.91,5.40,29.00,31.65,5.34,4.10,0.77,4.93,9.72,4.00,0.00,0.00
2026-09-30 17:22:58,final,최종(pixelate+얼굴보완),6명_1920_1080.mp4,414,6.17,10.15,98.49,5.25,30.05,33.77,8.60,4.94,0.91,5.12,9.85,6.10,0.00,0.17
2026-09-30 17:23:56,final,최종(pixelate+얼굴보완),1명_1920_1080.mp4,388,1.00,12.23,81.76,5.23,27.74,31.08,1.48,1.45,0.52,5.09,9.17,1.00,0.00,0.00
2026-09-30 17:25:01,final,최종(pixelate+얼굴보완),2명_1920_1080.mp4,440,2.00,11.73,85.24,5.14,28.83,31.69,2.79,1.86,0.57,4.98,9.38,1.98,0.00,0.00
2026-09-30 17:26:18,final,최종(pixelate+얼굴보완),4명_1920_1080.mp4,545,4.00,10.98,91.08,5.14,29.00,32.16,5.32,4.13,0.77,4.89,9.67,4.00,0.00,0.00
2026-09-30 17:27:26,final,최종(pixelate+얼굴보완),6명_1920_1080.mp4,414,6.17,10.09,99.09,5.15,30.22,34.03,8.70,4.83,0.92,5.05,10.18,6.10,0.00,0.17
2026-09-30 17:28:24,final,최종(pixelate+얼굴보완),1명_1920_1080.mp4,388,1.00,12.38,80.81,5.17,27.76,30.56,1.47,1.44,0.51,5.01,8.88,1.00,0.00,0.00
2026-09-30 17:29:29,final,최종(pixelate+얼굴보완),2명_1920_1080.mp4,440,2.00,11.68,85.62,5.37,28.74,32.00,2.83,1.89,0.58,5.04,9.17,1.98,0.00,0.00
2026-09-30 17:30:45,final,최종(pixelate+얼굴보완),4명_1920_1080.mp4,545,4.00,10.96,91.26,5.35,28.89,32.24,5.35,4.07,0.78,4.89,9.71,4.00,0.00,0.00
2026-09-30 17:31:54,final,최종(pixelate+얼굴보완),6명_1920_1080.mp4,414,6.17,10.10,98.98,5.25,29.95,34.33,8.72,4.92,0.91,4.98,9.92,6.10,0.00,0.17
