time,stage,desc,source,frames,people,fps,total_ms,디코딩,얼굴탐지,추적+자세,낙상판정,비식별화,그리기,인코딩,etc
2026-09-29 16:57:39,0,기준선,1명_1920_1080.mp4,388,1.00,11.94,83.78,5.06,27.82,30.66,1.47,4.09,0.54,4.98,9.15
2026-09-29 16:58:37,0,기준선,2명_1920_1080.mp4,440,2.00,11.34,88.17,5.40,28.53,32.25,2.81,4.34,0.61,4.98,9.25
2026-09-29 16:59:51,0,기준선,4명_1920_1080.mp4,545,4.00,9.69,103.15,4.80,28.15,32.13,5.27,18.48,0.76,4.64,8.92
2026-09-29 17:00:54,0,기준선,6명_1920_1080.mp4,414,6.17,8.98,111.38,4.90,29.15,33.99,8.61,19.50,0.88,4.86,9.49
2026-09-29 17:05:28,1,+픽셀레이트,1명_1920_1080.mp4,388,1.00,12.16,82.21,5.29,28.11,30.92,1.50,1.49,0.52,5.12,9.27
2026-09-29 17:06:22,1,+픽셀레이트,2명_1920_1080.mp4,440,2.00,11.83,84.51,5.30,28.27,31.32,2.75,1.87,0.58,4.95,9.46
2026-09-29 17:07:28,1,+픽셀레이트,4명_1920_1080.mp4,545,4.00,10.99,90.98,5.26,28.93,32.07,5.29,4.08,0.77,4.90,9.68
2026-09-29 17:08:27,1,+픽셀레이트,6명_1920_1080.mp4,414,6.17,10.07,99.33,5.42,30.19,34.04,8.67,4.84,0.91,5.04,10.23
2026-09-29 17:10:41,2,+낙상벡터화,1명_1920_1080.mp4,388,1.00,12.28,81.44,5.12,27.84,30.88,1.49,1.49,0.51,5.04,9.06
2026-09-29 17:11:36,2,+낙상벡터화,2명_1920_1080.mp4,440,2.00,11.76,85.00,5.29,28.17,31.91,2.79,1.89,0.59,4.99,9.38
2026-09-29 17:12:42,2,+낙상벡터화,4명_1920_1080.mp4,545,4.00,10.96,91.21,5.28,29.08,32.13,5.33,4.14,0.77,4.91,9.57
2026-09-29 17:13:40,2,+낙상벡터화,6명_1920_1080.mp4,414,6.17,10.08,99.22,5.24,30.39,34.02,8.79,4.89,0.92,5.09,9.88
